{
  "id": "",
  "name": "",
  "font_family": "iconfont",
  "css_prefix_text": "icon-",
  "description": "",
  "glyphs": [
    {
      "icon_id": "1306",
      "name": "购物车空",
      "font_class": "gouwuchekong",
      "unicode": "f0179",
      "unicode_decimal": 983417
    },
    {
      "icon_id": "286209",
      "name": "导航-首页",
      "font_class": "daohangshouye",
      "unicode": "e605",
      "unicode_decimal": 58885
    },
    {
      "icon_id": "683707",
      "name": "ren",
      "font_class": "people",
      "unicode": "e67d",
      "unicode_decimal": 59005
    },
    {
      "icon_id": "689262",
      "name": "类目 品类 分类 类别",
      "font_class": "leimupinleifenleileibie",
      "unicode": "e7f9",
      "unicode_decimal": 59385
    },
    {
      "icon_id": "741860",
      "name": "个人 (3)",
      "font_class": "geren3",
      "unicode": "e612",
      "unicode_decimal": 58898
    },
    {
      "icon_id": "3050508",
      "name": "定位",
      "font_class": "location",
      "unicode": "e611",
      "unicode_decimal": 58897
    },
    {
      "icon_id": "6077372",
      "name": "左对齐",
      "font_class": "left-alignment",
      "unicode": "e62b",
      "unicode_decimal": 58923
    },
    {
      "icon_id": "8361827",
      "name": "聊天",
      "font_class": "liaotian",
      "unicode": "e6cb",
      "unicode_decimal": 59083
    },
    {
      "icon_id": "12037077",
      "name": "购物车",
      "font_class": "gouwuche",
      "unicode": "e75d",
      "unicode_decimal": 59229
    }
  ]
}
